pathway,attention_mean,attention_std,n_folds,attention_x_uniform
HALLMARK_APICAL_JUNCTION,0.014167346178136206,0.021189263606873423,5,3.8960201989874568
EGFR_interacts_with_phospholipase_C-gamma,0.013397797308706888,0.019726630882984722,5,3.684394259894394
PLCG1_events_in_ERBB2_signaling,0.012537917975536597,0.017156100669616002,5,3.447927443272564
HALLMARK_REACTIVE_OXYGEN_SPECIES_PATHWAY,0.009455963622804384,0.012743080441244824,5,2.6003899962712054
HALLMARK_HYPOXIA,0.008464646759675148,0.007831071261418326,5,2.327777858910666
Beta_oxidation_of_lauroyl-CoA_to_decanoyl-CoA-CoA,0.008272298580645234,0.01065474772212069,5,2.2748821096774394
Vasopressin-like_receptors,0.00818326024327261,0.010579861306417384,5,2.2503965668999677
HALLMARK_KRAS_SIGNALING_DN,0.007966627915257858,0.00792851729314303,5,2.1908226766959107
HALLMARK_FATTY_ACID_METABOLISM,0.007890693850455049,0.007573195629560812,5,2.1699408088751384
Endogenous_sterols,0.007884574160172554,0.009885349418684448,5,2.168257894047452
HALLMARK_COMPLEMENT,0.007728058848577484,0.00815985220203417,5,2.125216183358808
Transport_of_organic_anions,0.007580654845966614,0.0056019095825685615,5,2.0846800826408187
Tetrahydrobiopterin_(BH4)_synthesis__recycling__salvage_and_regulation,0.00687546058561741,0.00782658761710656,5,1.8907516610447879
Cdc20/Phospho-APC/C_mediated_degradation_of_Cyclin_A,0.006632065819960685,0.0038018971499163786,5,1.8238181004891882
Formation_of_incision_complex_in_GG-NER,0.006110426830781357,0.004870022451719794,5,1.6803673784648732
HALLMARK_OXIDATIVE_PHOSPHORYLATION,0.006055575454599835,0.005352641200008398,5,1.6652832500149546
HALLMARK_HEME_METABOLISM,0.0056839339207336035,0.002989514342921228,5,1.563081828201741
SCF-beta-TrCP_mediated_degradation_of_Emi1,0.005470935739627382,0.002423485300618098,5,1.5045073283975299
Thrombin_signalling_through_proteinase_activated_receptors_(PARs),0.0053255300103733725,0.003067427498810593,5,1.4645207528526774
HCN_channels,0.005178931448968532,0.0033311458922273486,5,1.4242061484663462
HALLMARK_COAGULATION,0.005009110886174041,0.00330567340453684,5,1.3775054936978612
HALLMARK_CHOLESTEROL_HOMEOSTASIS,0.004885962921628148,0.0014918797679193793,5,1.3436398034477406
HALLMARK_MYC_TARGETS_V1,0.004776776424715992,0.002849680619707754,5,1.3136135167968979
HALLMARK_G2M_CHECKPOINT,0.0047579340609144385,0.0012351220375007243,5,1.3084318667514705
HALLMARK_ESTROGEN_RESPONSE_LATE,0.004656012925272528,0.0015841048732638092,5,1.2804035544499452
HALLMARK_TNFA_SIGNALING_VIA_NFKB,0.004649074508405607,0.0012893292431084631,5,1.278495489811542
HALLMARK_INFLAMMATORY_RESPONSE,0.004606529496279956,0.0013219544343753599,5,1.266795611476988
Dual_incision_reaction_in_GG-NER,0.004593762316188134,0.0018587004859760342,5,1.263284636951737
Nicotinate_metabolism,0.0045705140095278285,0.0016243561087179402,5,1.2568913526201528
Beta_oxidation_of_myristoyl-CoA_to_lauroyl-CoA,0.004388254108082657,0.0021849699961614477,5,1.2067698797227306
HALLMARK_PI3K_AKT_MTOR_SIGNALING,0.004379092073146877,0.0012691905155216671,5,1.2042503201153911
HALLMARK_DNA_REPAIR,0.004334776270119987,0.0015913239961952155,5,1.1920634742829965
p130Cas_linkage_to_MAPK_signaling_for_integrins,0.004272154314554228,0.0020724017910255265,5,1.1748424365024128
Autodegradation_of_Cdh1_by_Cdh1/APC/C,0.004222875968354622,0.0015080064128307044,5,1.161290891297521
HALLMARK_WNT_BETA_CATENIN_SIGNALING,0.0042113337873276105,0.0011612872733620713,5,1.158116791515093
Destabilization_of_mRNA_by_Butyrate_Response_Factor_1_(BRF1),0.00416821154415086,0.0018732612128958702,5,1.1462581746414864
Glutathione_synthesis_and_recycling,0.004146405832567984,0.0007525368262480032,5,1.1402616039561955
pelp1_modulation_of_estrogen_receptor_activity,0.004118993123078998,0.002001379177664363,5,1.1327231088467244
Inactivation_of_Cdc42_and_Rac,0.004106822103472675,0.0008106108082159104,5,1.1293760784549858
HALLMARK_EPITHELIAL_MESENCHYMAL_TRANSITION,0.004104427770282192,0.0010934471548254671,5,1.1287176368276028
HALLMARK_MYC_TARGETS_V2,0.004090134768734112,0.0019103329199572222,5,1.1247870614018807
Transport_of_vitamins__nucleosides__and_related_molecules,0.004070564325727484,0.0017384603043722289,5,1.119405189575058
HALLMARK_ADIPOGENESIS,0.004065698699683739,0.0013306403620744892,5,1.1180671424130284
Inhibition__of_voltage_gated_Ca2+_channels_via_Gbeta/gamma_subunits,0.004037990206250603,0.0012298523693207782,5,1.110447306718916
Highly_calcium_permeable_nicotinic_acetylcholine_receptors,0.004009275062555049,0.0018836828466328025,5,1.1025506422026385
Cam-PDE_1_activation,0.0039698838859427,0.0009612713070840501,5,1.0917180686342425
HALLMARK_IL2_STAT5_SIGNALING,0.003968066943127444,0.0013623139506211868,5,1.0912184093600472
HALLMARK_ESTROGEN_RESPONSE_EARLY,0.003895970947280297,0.0009120684931979044,5,1.0713920105020818
BMP_receptor_signaling,0.003878825436190319,0.0006277930676884905,5,1.0666769949523378
HALLMARK_APICAL_SURFACE,0.0038746802078449367,0.0007296416726624782,5,1.0655370571573577
Destabilization_of_mRNA_by_Tristetraprolin_(TTP),0.0038706551242040353,0.0021072793430431894,5,1.0644301591561096
Striated_Muscle_Contraction,0.0038696811121650874,0.002203715708070462,5,1.064162305845399
Lysine_catabolism,0.00385964074987551,0.001221784284031204,5,1.0614012062157652
Sulfur_amino_acid_metabolism,0.0038554145159429816,0.0008260699696709061,5,1.06023899188432
HALLMARK_IL6_JAK_STAT3_SIGNALING,0.003847120568242198,0.0011070288182989127,5,1.0579581562666045
PERK_regulated_gene_expression,0.0038437554386620406,0.000248271437529729,5,1.0570327456320612
Activation_of_G_protein_gated_Potassium_channels,0.0038066325175327292,0.0011701559223501324,5,1.0468239423215004
IRAK2_mediated_activation_of_TAK1_complex,0.003800869975619875,0.0007236899164131418,5,1.0452392432954656
Synthesis_of_bile_acids_and_bile_salts_via_7alpha-hydroxycholesterol,0.0037969129395672104,0.0005463224511182967,5,1.0441510583809828
GRB2/SOS_provides_linkage_to_MAPK_signaling_for_Intergrins,0.0037863213863082285,0.0011293149206555884,5,1.0412383812347628
APC-Cdc20_mediated_degradation_of_Nek2A,0.00377567242228867,0.0009678860182214542,5,1.0383099161293843
HALLMARK_UV_RESPONSE_DN,0.0037281544722310477,0.000978965335000605,5,1.025242479863538
PDGF_receptor_signaling_network,0.0037037809049660733,0.00025372996557239055,5,1.0185397488656702
Hormone_ligand-binding_receptors,0.003677105243519006,0.0007646672391120666,5,1.0112039419677268
HALLMARK_XENOBIOTIC_METABOLISM,0.003671737382207753,0.0007664932255951661,5,1.009727780107132
CaMK_IV-mediated_phosphorylation_of_CREB,0.0036626002394365303,0.0011096764839453718,5,1.0072150658450458
Removal_of_the_Flap_Intermediate_from_the_C-strand,0.0036468370408269933,0.0016468021045962491,5,1.0028801862274233
Tryptophan_catabolism,0.0036164951182612684,0.0009631185776726735,5,0.9945361575218488
Leukotriene_synthesis,0.0036109776106647605,0.0006620585184103031,5,0.9930188429328092
Formation_of_transcription-coupled_NER_(TC-NER)_repair_complex,0.0035973971223302766,0.0008203108378460671,5,0.989284208640826
COPII_(Coat_Protein_2)_Mediated_Vesicle_Transport,0.0035942194490656545,0.0005565113680015774,5,0.988410348493055
cGMP_effects,0.003588851043693151,0.0008878945123750705,5,0.9869340370156165
Lectin_pathway_of_complement_activation,0.003567432438663102,0.0007575025510792671,5,0.9810439206323531
Methylation,0.0035618473289918432,0.00041715269198515766,5,0.9795080154727569
Terminal_pathway_of_complement,0.003561342687504558,0.0003421942057358347,5,0.9793692390637534
Synthesis_of_bile_acids_and_bile_salts_via_24-hydroxycholesterol,0.003558226421658113,0.0007637742279661524,5,0.9785122659559812
Pentose_phosphate_pathway_(hexose_monophosphate_shunt),0.00355742466251981,0.0004068625055726401,5,0.9782917821929477
Xenobiotics,0.0035561169725320725,0.0004128009391840508,5,0.9779321674463199
HALLMARK_ALLOGRAFT_REJECTION,0.003552785238954034,0.0010620244274739533,5,0.9770159407123593
HALLMARK_P53_PATHWAY,0.003552619778951718,0.0007630529641138441,5,0.9769704392117224
IRS_activation,0.0035511600101370117,0.0005281318217380895,5,0.9765690027876782
HALLMARK_APOPTOSIS,0.0035385314885207062,0.0005836863165665865,5,0.9730961593431943
HALLMARK_PANCREAS_BETA_CELLS,0.0035383704156848397,0.000794457507673088,5,0.9730518643133309
Eicosanoids,0.003529015173275492,0.0011329075009754188,5,0.9704791726507603
Iron_uptake_and_transport,0.0035225309927007036,0.0010185644950340585,5,0.9686960229926935
Transferrin_endocytosis_and_recycling,0.0035144354495925284,0.0005207220639559839,5,0.9664697486379453
Cleavage_of_the_damaged_purine,0.003504756230063201,0.0007366350422815212,5,0.9638079632673803
HALLMARK_UV_RESPONSE_UP,0.0035012214134238404,0.0014118404128956232,5,0.9628358886915561
Muscarinic_acetylcholine_receptors,0.003490195163961059,0.0005485532358216568,5,0.9598036700892912
HALLMARK_MITOTIC_SPINDLE,0.0034847573434224214,0.00046517809626140554,5,0.9583082694411659
Bicarbonate_transporters,0.00348066356251584,0.0006256372131876008,5,0.957182479691856
ADP_signalling_through_P2Y_purinoceptor_12,0.003468209670674096,0.0005426937923161069,5,0.9537576594353764
Basigin_interactions,0.0034609482635995343,0.0005906391407231286,5,0.9517607724898719
Electric_Transmission_Across_Gap_Junctions,0.0034561804095675983,0.000328846703754334,5,0.9504496126310895
Signalling_to_p38_via_RIT_and_RIN,0.0034529014060631262,0.0006638773440000343,5,0.9495478866673597
Recognition_and_association_of_DNA_glycosylase_with_site_containing_an_affected_pyrimidine,0.003444004815642515,0.0006425260551357758,5,0.9471013243016916
Beta_oxidation_of_decanoyl-CoA_to_octanoyl-CoA-CoA,0.003440791536305997,0.000611726213954002,5,0.9462176724841491
Proton/oligonucleotide_cotransporters,0.0034403782650336986,0.00044260847570972697,5,0.9461040228842671
HALLMARK_UNFOLDED_PROTEIN_RESPONSE,0.0034402246828685937,0.0007006912638257758,5,0.9460617877888633
HALLMARK_GLYCOLYSIS,0.0034340365295426464,0.0011816607515096602,5,0.9443600456242277
Cross-presentation_of_soluble_exogenous_antigens_(endosomes),0.003433967597121396,0.000889089457702229,5,0.944341089208384
IRAK2_mediated_activation_of_TAK1_complex_upon_TLR7/8_or_9_stimulation,0.00343329357974089,0.0012509283569658368,5,0.9441557344287447
Displacement_of_DNA_glycosylase_by__APE1,0.0034311904969569393,0.0005796410830786529,5,0.9435773866631583
Beta_oxidation_of_butanoyl-CoA_to_acetyl-CoA,0.00342748223876549,0.0004119958999277428,5,0.9425576156605098
HALLMARK_MTORC1_SIGNALING,0.003420923230989624,0.0007192864582672171,5,0.9407538885221466
Repair_synthesis_of_patch_~27-30_bases_long__by_DNA_polymerase,0.003419337630787018,0.0008119160531061242,5,0.9403178484664299
Nectin/Necl__trans_heterodimerization,0.0034043804664296773,0.0007442475163673591,5,0.9362046282681612
Cytosolic_tRNA_aminoacylation,0.0034016667495544647,0.000609369475332645,5,0.9354583561274779
BH3-only_proteins_associate_with_and_inactivate_anti-apoptotic_BCL-2_members,0.0034008091500484774,0.00032697595133071946,5,0.9352225162633313
Histamine_receptors,0.0034000379276000886,0.0010016441043996247,5,0.9350104300900244
Transport_of_gamma-carboxylated_protein_precursors_from_the_endoplasmic_reticulum_to_the_Golgi_apparatus,0.003385537720279884,0.0005862948312368923,5,0.9310228730769681
Synthesis_of_lysophosphatidic_acid_from_dihydroxyacetone_phosphate,0.003369256550470648,0.0004418960612322739,5,0.9265455513794282
Repair_synthesis_for_gap-filling_by_DNA_polymerase_in_TC-NER,0.003364353525154527,0.0005609422551674463,5,0.925197219417495
Branched-chain_amino_acid_catabolism,0.0033535180695503713,0.0006221500815656378,5,0.9222174691263522
Transport_of_nucleotide_sugars,0.003351786772967431,0.000464381434193419,5,0.9217413625660436
FMO_oxidizes_nucleophiles,0.0033496750600658736,0.0004453293284607216,5,0.9211606415181153
The_AIM2_inflammasome,0.003336999850853331,0.0004236360139507984,5,0.9176749589846661
Beta_oxidation_of_octanoyl-CoA_to_hexanoyl-CoA,0.0033332559593208916,0.000487026872832178,5,0.9166453888132452
APC/C/Cdc20_mediated_degradation_of_Securin,0.0033305584118491923,0.0003276528173168493,5,0.9159035632585278
HALLMARK_SPERMATOGENESIS,0.0033287899493148936,0.0007415052112183983,5,0.9154172360615958
Cross-presentation_of_particulate_exogenous_antigens_(phagosomes),0.0033262477843703482,0.0007252743577831355,5,0.9147181407018458
Chylomicron-mediated_lipid_transport,0.0033183781723082214,0.0007674475783327217,5,0.9125539973847608
HALLMARK_INTERFERON_ALPHA_RESPONSE,0.0033151920799034985,0.0005317092324718174,5,0.9116778219734621
Reactions_specific_to_the_complex_N-glycan_synthesis_pathway,0.003314425085629994,0.0007472154826089411,5,0.9114668985482484
Na+/Cl-_dependent_neurotransmitter_transporters,0.0033132458933730112,0.0012333725349447777,5,0.9111426206775781
Alcohol_catabolism,0.0033130783588095486,0.000549991726619058,5,0.9110965486726259
Other_semaphorin_interactions,0.0033103887606241987,0.00040980680036361016,5,0.9103569091716547
Citric_acid_cycle_(TCA_cycle),0.0033043672267476765,0.0007790707531441669,5,0.908700987355611
Androgen_biosynthesis,0.003300640414009054,0.0004064465057610954,5,0.9076761138524899
Mineralocorticoid_biosynthesis,0.0032998408219357734,0.0002698038820063687,5,0.9074562260323377
MyD88-independent_cascade_initiated_on_plasma_membrane,0.003293848824620944,0.000951317831568799,5,0.9058084267707596
Arachidonate_production_from_DAG,0.0032916282866928257,0.0006809050242066915,5,0.9051977788405271
Beta_oxidation_of_palmitoyl-CoA_to_myristoyl-CoA,0.003290887312533356,0.0006431271296344123,5,0.904994010946673
HALLMARK_KRAS_SIGNALING_UP,0.0032872139445701055,0.000309102246239497,5,0.903983834756779
Sema4D_induced_cell_migration_and_growth-cone_collapse,0.00328567635835419,0.0010068869111111603,5,0.9035609985474022
Synthesis__Secretion__and_Inactivation_of_Glucose-dependent_Insulinotropic_Polypeptide_(GIP),0.003281010322049796,0.0004327963575091487,5,0.9022778385636939
HALLMARK_MYOGENESIS,0.0032736503409360796,0.0006825860790684291,5,0.9002538437574219
Recycling_of_eIF2/GDP,0.003272066065674905,0.0009452704697169966,5,0.8998181680605989
Removal_of_the_Flap_Intermediate,0.0032613500930815885,0.0005938262613638328,5,0.8968712755974368
Synthesis_of_GDP-mannose,0.003255800078101333,0.0010732797308805756,5,0.8953450214778665
role_of_ran_in_mitotic_spindle_regulation,0.0032534553759794964,0.0003466279106050015,5,0.8947002283943615
Gluconeogenesis,0.00324852212064971,0.000575034665185174,5,0.8933435831786702
Regulation_of_Signaling_by_NODAL,0.003243365521580344,0.0009174127481689076,5,0.8919255184345946
Vitamin_B1_(thiamin)_metabolism,0.003241820116563145,0.0003351915769155168,5,0.8915005320548648
HALLMARK_E2F_TARGETS,0.00323988111599949,0.0006497399082129455,5,0.8909673068998597
Purine_catabolism,0.0032354157789264114,0.0006131713219524274,5,0.8897393392047631
HALLMARK_PROTEIN_SECRETION,0.003225759569466376,0.00090971699053646,5,0.8870838816032534
Synthesis_of_bile_acids_and_bile_salts_via_27-hydroxycholesterol,0.0032117574587242877,0.0008908304417722518,5,0.8832333011491791
activated_TAK1_mediates_p38_MAPK_activation,0.0032070849831589976,0.0008836003939370609,5,0.8819483703687243
neuroregulin_receptor_degredation_protein-1_controls_erbb3_receptor_recycling,0.0032025745117636615,0.001298752503731375,5,0.8807079907350069
Apoptotic_cleavage_of_cell_adhesion__proteins,0.0031983580275159393,0.0003833823366636411,5,0.8795484575668833
Highly_calcium_permeable_postsynaptic_nicotinic_acetylcholine_receptors,0.003196936570730523,0.000823166872469727,5,0.8791575569508938
Biosynthesis_of_the_N-glycan_precursor_(dolichol_lipid-linked_oligosaccharide__LLO)_and_transfer_to_a_nascent_protein,0.003193464928837364,0.0007418781399461034,5,0.8782028554302751
Glucocorticoid_biosynthesis,0.0031911210234009694,0.0007030842324033154,5,0.8775582814352666
HALLMARK_INTERFERON_GAMMA_RESPONSE,0.0031906279380242465,0.0005954534575550465,5,0.8774226829566678
mRNA_Decay_by_5prime_to_3prime_Exoribonuclease,0.0031872104097568515,0.0005577093130375052,5,0.8764828626831341
HALLMARK_ANDROGEN_RESPONSE,0.0031848344451004427,0.0005455300990317582,5,0.8758294724026218
Mitochondrial_tRNA_aminoacylation,0.0031840789972579823,0.0012933423853462404,5,0.8756217242459451
HALLMARK_PEROXISOME,0.003183524574661649,0.00038550952074780704,5,0.8754692580319535
NGF-independant_TRKA_activation,0.003179168545610642,0.00043980468669333617,5,0.8742713500429266
Switching_of_origins_to_a_post-replicative_state,0.0031774892258256775,0.000463360919255122,5,0.8738095371020613
Galactose_catabolism,0.0031763786411991234,0.0007038699709170316,5,0.8735041263297589
HALLMARK_ANGIOGENESIS,0.003175252024359949,0.0002794413747101904,5,0.8731943066989859
Inhibition_of_TSC_complex_formation_by_PKB,0.003175168236378874,0.0007630540708179031,5,0.8731712650041903
Propionyl-CoA_catabolism,0.003173223723138207,0.001005977461878488,5,0.8726365238630069
Conversion_from_APC/C/Cdc20_to_APC/C/Cdh1_in_late_anaphase,0.00315663027832321,0.0009842471989909036,5,0.8680733265388828
Metal_ion_SLC_transporters,0.003142023165427029,0.00044867215106602764,5,0.864056370492433
Mitochondrial_ABC_transporters,0.0031405440194072058,0.0007169293149820725,5,0.8636496053369815
Packaging_Of_Telomere_Ends,0.003132636676728413,0.0005401382396847307,5,0.8614750861003136
TRAF6_mediated_induction_of_TAK1_complex,0.003129592977712968,0.0005606259488684543,5,0.8606380688710662
Glycogen_synthesis,0.0031256727272787888,0.0005811985281174247,5,0.8595600000016669
Astrocytic_Glutamate-Glutamine_Uptake_And_Metabolism,0.003123775078930355,0.0005350763123125522,5,0.8590381467058477
HALLMARK_BILE_ACID_METABOLISM,0.0031118845035160566,0.0008211741040699543,5,0.8557682384669155
ALK1_signaling_events,0.0031116173053165755,0.0004277058980661008,5,0.8556947589620583
Cori_Cycle_(interconversion_of_glucose_and_lactate),0.0031009754502687495,0.0006316846423645657,5,0.8527682488239061
Synthesis_of_dolichyl-phosphate_mannose,0.0030953289623003016,0.000808950855665523,5,0.8512154646325829
Adrenoceptors,0.003074120365794215,0.0003808950812507091,5,0.845383100593409
Regulation_of_Rheb_GTPase_activity_by_AMPK,0.0030709628074486956,0.0008340925179505173,5,0.8445147720483913
PDE3B_signalling,0.0030663780961809996,0.0009203180372240999,5,0.8432539764497748
L1CAM_interactions,0.0030635264216790797,0.0005861359573928797,5,0.8424697659617469
yaci_and_bcma_stimulation_of_b_cell_immune_responses,0.0030621034049455233,0.00030199250995143455,5,0.8420784363600189
Glycogen_breakdown_(glycogenolysis),0.003060054850509239,0.0007487494449705392,5,0.8415150838900407
Response_to_elevated_platelet_cytosolic_Ca2+,0.0030548915828658707,0.0005253931463149691,5,0.8400951852881144
Heme_degradation,0.003051489176699038,0.0006876579200341369,5,0.8391595235922354
Recognition_and_association_of_DNA_glycosylase_with_site_containing_an_affected_purine,0.0030503225210233376,0.0006331030070624283,5,0.8388386932814178
HALLMARK_TGF_BETA_SIGNALING,0.0030373758001452254,0.00033389029709149354,5,0.835278345039937
Alpha-oxidation_of_phytanate,0.0030371882256125145,0.0004128728707757766,5,0.8352267620434415
eNOS_activation,0.0030371505869656243,0.0007288755750549304,5,0.8352164114155467
Destabilization_of_mRNA_by_KSRP,0.003034496818222987,0.0008202060165806469,5,0.8344866250113214
Vitamin_D_(calciferol)_metabolism,0.003020362457924018,0.0007605489006896082,5,0.830599675929105
Polymerase_switching_on_the_C-strand_of_the_telomere,0.003019765815203172,0.0007925023353496033,5,0.8304355991808723
Methionine_salvage_pathway,0.003014739593013483,0.00015052575610844337,5,0.8290533880787079
mitochondrial_fatty_acid_beta-oxidation_of_unsaturated_fatty_acids,0.0030130427799641905,0.0007147814904993544,5,0.8285867644901523
Degradation_of_cysteine_and_homocysteine,0.0030102951951896046,0.00023814506939134626,5,0.8278311786771413
Hexose_transport,0.0030095901559423132,0.0002076685402543546,5,0.8276372928841361
Inhibition_of_HSL,0.003001426510111398,0.0008606557065643337,5,0.8253922902806345
TRAF6_mediated_induction_of_NFkB_and_MAP_kinases_upon_TLR7/8_or_9_activation,0.00299974076056583,0.0009842574090597525,5,0.8249287091556032
Pregnenolone_biosynthesis,0.0029927341641472283,0.00038289415781278194,5,0.8230018951404878
ER_Quality_Control_Compartment_(ERQC),0.002988827620062911,0.0009895258131556591,5,0.8219275955173005
IRAK1_recruits_IKK_complex_upon_TLR7/8_or_9_stimulation,0.0029879491297319363,0.0006708127503746402,5,0.8216860106762824
reversal_of_insulin_resistance_by_leptin,0.0029854960099567882,0.00046695252612314947,5,0.8210114027381168
Transport_of_fatty_acids,0.0029835975911105513,0.0006775396103586796,5,0.8204893375554017
Processing_of_DNA_ends_prior_to_end_rejoining,0.0029831999972847567,0.0006584325272703722,5,0.8203799992533081
ahr_signal_transduction_pathway,0.0029746514731019804,0.0009104442660178005,5,0.8180291551030446
HALLMARK_HEDGEHOG_SIGNALING,0.002972204393623577,0.00042443053413167715,5,0.8173562082464836
Purine_salvage,0.0029613702371826126,0.0004962036007945188,5,0.8143768152252184
mRNA_Decay_by_3prime_to_5prime_Exoribonuclease,0.0029598122699894544,0.0006823997277888138,5,0.8139483742471
Lysosome_Vesicle_Biogenesis,0.002958047314966343,0.00029355042495334964,5,0.8134630116157443
Adenosine_P1_receptors,0.002945684566812855,0.0006099562910021709,5,0.8100632558735351
PLC-gamma1_signalling,0.002943457032072896,0.0007677356901292021,5,0.8094506838200464
MyD88_dependent_cascade_initiated_on_endosome,0.0029415988402797257,0.000583167583876922,5,0.8089396810769246
The_NLRP1_inflammasome,0.0029343140332714355,0.0006655562192269676,5,0.8069363591496448
Regulation_of_ornithine_decarboxylase_(ODC),0.0029231736516039655,0.0007718677718912797,5,0.8038727541910905
Activated_AMPK_stimulates_fatty-acid_oxidation_in_muscle,0.002919611173908061,0.00047960335544805304,5,0.8028930728247168
Prostanoid_metabolism,0.0029076596915156715,0.0007944740501842673,5,0.7996064151668096
Unwinding_of_DNA,0.002895536943722616,0.0005653538176928787,5,0.7962726595237194
G-protein_activation,0.0028877064406274975,0.0003861491692196727,5,0.7941192711725618
Alternative_complement_activation,0.0028864514814574845,0.000791891771335017,5,0.7937741574008083
Utilization_of_Ketone_Bodies,0.002884846957965104,0.00046969949747120525,5,0.7933329134404036
Purine_ribonucleoside_monophosphate_biosynthesis,0.0028847565964883687,0.0003416376973278698,5,0.7933080640343014
Pyrimidine_salvage_reactions,0.00288228137325885,0.0003003535419984283,5,0.7926273776461837
IRAK1_recruits_IKK_complex,0.0028816683011431503,0.00043749681233088263,5,0.7924587828143663
Adrenaline_signalling_through_Alpha-2_adrenergic_receptor,0.0028799132432141376,0.0008058291602938012,5,0.7919761418838879
Progressive_trimming_of_alpha-1_2-linked_mannose_residues_from_Man9/8/7GlcNAc2_to_produce_Man5GlcNAc2,0.0028715604730564425,0.0003712623959788305,5,0.7896791300905217
Activation_of_Chaperones_by_ATF6-alpha,0.0028715456722900544,0.0004762864303541819,5,0.7896750598797649
Passive_Transport_by_Aquaporins,0.0028671558065530302,0.0004699225195818797,5,0.7884678468020833
Vitamins,0.0028611911755305904,0.0004053477981407098,5,0.7868275732709124
APC/C/Cdc20_mediated_degradation_of_mitotic_proteins,0.002857653947130033,0.0005444788930064092,5,0.7858548354607591
Conversion_of_palmitic_acid_to_very_long_chain_fatty_acyl-CoAs,0.002849990583206621,0.0005981353275786054,5,0.7837474103818208
Glyoxylate_metabolism,0.002844489935190554,0.0005489335781578684,5,0.7822347321774024
Beta_oxidation_of_hexanoyl-CoA_to_butanoyl-CoA,0.0028404891320834152,0.0005954741989927429,5,0.7811345113229392
Sulfide_oxidation_to_sulfate,0.0028376188391315803,0.00032577099165076565,5,0.7803451807611845
Insulin_receptor_recycling,0.002830553834702019,0.00037840978378683314,5,0.7784023045430551
HALLMARK_NOTCH_SIGNALING,0.002823622995861251,0.0005153938354005975,5,0.7764963238618441
Proton-coupled_monocarboxylate_transport,0.00282105932426525,0.0011554723402648686,5,0.7757913141729438
Synthesis_of_cytosolic_5-phospho-alpha-D-ribose_1-diphosphate_(PRPP)_from_D-ribose_5-phosphate,0.0028117037331728692,0.00036972599259238903,5,0.7732185266225391
Eukaryotic_Translation_Elongation,0.0028099670198619745,0.0007558835105297315,5,0.772740930462043
Digestion_of_dietary_lipid,0.002807352800599707,0.0005012518530086853,5,0.7720220201649195
Serine_biosynthesis,0.002802327627834684,0.0005050229668350715,5,0.770640097654538
AMPK_inhibits_chREBP_transcriptional_activation_activity,0.0028017775312797677,0.00021617476495043377,5,0.7704888211019361
Interconversion_of_2-oxoglutarate_and_2-hydroxyglutarate,0.0027956241331019583,0.0005669336767908065,5,0.7687966366030385
CREB_phosphorylation_through_the_activation_of_Adenylate_Cyclase,0.0027914870444842718,0.0006365432904484495,5,0.7676589372331747
Disinhibition_of_SNARE_formation,0.002767093143519639,0.0006445955942024498,5,0.7609506144679007
PKA-mediated_phosphorylation_of_CREB,0.0027628601396129963,0.0005684699455739701,5,0.759786538393574
TRAF6_mediated_IRF7_activation_in_TLR7/8_or_9_signaling,0.002761203575224211,0.0005969494426125079,5,0.759330983186658
Costimulation_by_the_CD28_family,0.0027610304120083886,0.0006333496367363434,5,0.7592833633023068
SHC_activation,0.002757563533986315,0.000415727572316339,5,0.7583299718462366
Urea_synthesis,0.0027553303306921276,0.0005082218763564318,5,0.7577158409403351
Formation_of_ATP_by_chemiosmotic_coupling,0.0027552314946546275,0.0004220523616810678,5,0.7576886610300225
Activation_of_C3_and_C5,0.0027530934607388124,0.0007976251098359635,5,0.7571007017031735
Polymerase_switching,0.002750982173124266,0.0005148889343104562,5,0.7565200976091732
Conjugation_of_benzoate_with_glycine,0.002747521749362815,0.0006290007074596583,5,0.7555684810747741
Processive_synthesis_on_the_C-strand_of_the_telomere,0.0027287710573360565,0.0003334504074145719,5,0.7504120407674155
Activation_of_CaMK_IV,0.002726711233671617,0.0005768270329147797,5,0.7498455892596947
Cyclin_B2_mediated_events,0.0027165270988715753,0.00014362015972745496,5,0.7470449521896831
DNA-PK_pathway_in_nonhomologous_end_joining,0.0027162601008021725,0.0006036149029285248,5,0.7469715277205974
Synthesis_of_Ketone_Bodies,0.002697861329750147,0.000702036495428109,5,0.7419118656812904
Facilitative_Na+-independent_glucose_transporters,0.0026958882373680974,0.0007030561221110851,5,0.7413692652762268
Ceramide_signalling,0.0026958174017271456,0.0004821526839374619,5,0.741349785474965
Inactivation_of_APC/C_via_direct_inhibition_of_the_APC/C_complex,0.002692438996409243,0.0006286636937226285,5,0.7404207240125418
Tachykinin_receptors_bind_tachykinins,0.002690641296058969,0.0006409222807927965,5,0.7399263564162165
ALK2_signaling_events,0.0026869351713000146,0.00045474453240863935,5,0.738907172107504
Serotonin_receptors,0.002676728582362572,0.0005606775968979474,5,0.7361003601497073
Assembly_of_the_ORC_complex_at_the_origin_of_replication,0.002652080059009567,0.0004874602483977958,5,0.7293220162276309
Gamma-carboxylation_of_protein_precursors,0.0026502645598759913,0.0005123271279768506,5,0.7288227539658976
Fatty_acids,0.002639377434674693,0.000777246418000962,5,0.7258287945355406
AlphaE_beta7_integrin_cell_surface_interactions,0.0026288874780644603,0.00046317246898552075,5,0.7229440564677266
Formation_of_the_active_cofactor__UDP-glucuronate,0.0026243548221515185,0.0005403232572162478,5,0.7216975760916676
Activation_of_PKB,0.0026193606853826146,0.0003169833669240124,5,0.7203241884802191
Zinc_influx_into_cells_by_the_SLC39_gene_family,0.0025878115413179035,0.0006073292091915929,5,0.7116481738624234
Vitamin_B2_(riboflavin)_metabolism,0.0025036779572120515,0.00037610705530633686,5,0.6885114382333142
CaM_pathway,0.002479746171327903,0.000634569702497725,5,0.6819301971151733
IKK_complex_recruitment_mediated_by_RIP1,0.002464932006715866,0.0003093038751759494,5,0.6778563018468632
Epidermal_Growth_Factor_Receptor_(EGFR)_signaling,0.0024246357894528022,0.0002723404548917178,5,0.6667748420995206
Axonal_growth_stimulation,0.002407967289115004,0.0003114883403182942,5,0.6621910045066262
